<root BTCPP_format="4" >
   <include path="./subtree_cam_find_and_track_ball.xml" />
   <include path="./subtree_find_ball.xml" />
   <include path="./subtree_locate.xml" />
   <BehaviorTree ID="GoalKeeperFreekick">
      <ReactiveSequence >
         <SubTree ID="CamFindAndTrackBall" _autoremap="true" />
         <GoToReadyPosition _while="!ball_location_known" />
         <GoToGoalBlockingPosition _while="ball_location_known" />
         <SelfLocate mode="trust_direction" _while="odom_calibrated" />
      </ReactiveSequence>
   </BehaviorTree>
</root>
