<!-- 摄像头跟踪球 -->

<root BTCPP_format="4" >
  <BehaviorTree ID="FindBall">
     <Sequence name="root">
        <ReactiveSequence>
            <GoBackInField />
            <CamFastScan />
        </ReactiveSequence>
        <TurnOnSpot rad="3.14"  towards_ball="true"/>
        <ReactiveSequence>
            <GoBackInField />
            <CamFastScan />
        </ReactiveSequence>
        <ReactiveSequence>
          <GoToReadyPosition  vx_limit="0.7" />
          <Sleep msec="1000" />  <!-- 从5000ms降低到1000ms，加快节奏 -->
        </ReactiveSequence>
      </Sequence>
  </BehaviorTree>
</root>
