<root BTCPP_format="4" >
   <include path="./subtree_cam_find_and_track_ball.xml" />
   <include path="./subtree_find_ball.xml" />
   <include path="./subtree_locate.xml" />
   <BehaviorTree ID="StrikerPlay">
      <ReactiveSequence>
         <SelfLocate mode="trust_direction" />
         <SubTree ID="Locate" _autoremap="true" _while="decision!='find'" />
         <ReactiveSequence _while="wait_for_opponent_kickoff" name="等待对方开球">
            <SubTree ID="CamFindAndTrackBall" _autoremap="true" />
            <SetVelocity />
         </ReactiveSequence>
         <ReactiveSequence _while="!wait_for_opponent_kickoff" name="/正常比赛, 即已方开球或对方已经开球">
            <Sequence _while="ball_out">
               <SubTree ID="CamFindAndTrackBall" _autoremap="true" />
               <GoBackInField />
               <SubTree ID="Locate" _autoremap="true" _while="decision!='find'" />
            </Sequence>
            <ReactiveSequence _while="!ball_out">
               <ReactiveSequence >
                  <SubTree ID="CamFindAndTrackBall" _autoremap="true" />
                  <CalcKickDir />
                  <Sequence>
                     <ReactiveSequence>
                        <StrikerDecide decision_out="{decision}" decision_in="{decision}" chase_threshold="2.0" hysteresis_factor="0.8" />
                        <SubTree ID="FindBall" _while="decision=='find'" _autoremap="true" />
                     </ReactiveSequence>
                        <Assist _while="decision == 'assist'" vx_limit = "0.2" vy_limit="0.2" />
                        <Chase   _while="decision == 'chase'"  vx_limit="0.9"  vy_limit="0.2"  vtheta_limit="1.0"  dist="0.1" safe_dist="0.5" />
                        <Adjust _while="decision =='adjust'" turn_threshold="0.5" range="0.5" vx_limit="0.5" vy_limit="0.6" vtheta_limit="1.5" vtheta_factor="4.5" tangential_speed_far="0.9" tangential_speed_near="0.4" />
                        <Kick _while="decision == 'kick'" speed_limit="0.8" min_msec_kick="1000" msecs_stablize="1000"/>
                        <Kick _while="decision == 'cross'" speed_limit="0.4" min_msec_kick="300"/>
                  </Sequence>
               </ReactiveSequence>
            </ReactiveSequence>
         </ReactiveSequence>
      </ReactiveSequence>
   </BehaviorTree>
</root>
