<root BTCPP_format="4" >
   <include path="./subtree_cam_find_and_track_ball.xml" />
   <include path="./subtree_find_ball.xml" />
   <include path="./subtree_locate.xml" />
   <BehaviorTree ID="GoalKeeperPlay">
      <ReactiveSequence >
         <SelfLocate mode="trust_direction" />
         <SubTree ID="Locate" _autoremap="true" _while="decision!='find'" />
         <ReactiveSequence _while="wait_for_opponent_kickoff" name="等待对方开球">
            <SubTree ID="CamFindAndTrackBall" _autoremap="true" />
            <SetVelocity />
         </ReactiveSequence>
         <ReactiveSequence _while="!wait_for_opponent_kickoff" name="已方开球或对方已经开球">
            <Sequence _while="ball_out">
               <SubTree ID="CamFindAndTrackBall" _autoremap="true" />
               <GoBackInField />
               <SubTree ID="Locate" _autoremap="true" _while="decision!='find'" />
            </Sequence>
            <ReactiveSequence _while="!ball_out">
               <ReactiveSequence _while="wait_for_opponent_kickoff" name="等待对方开球">
                  <SubTree ID="CamFindAndTrackBall" _autoremap="true" />
                  <SetVelocity />
               </ReactiveSequence>
               <Sequence _while="!wait_for_opponent_kickoff" name="正常比赛">
                  <Sequence>
                     <SubTree ID="CamFindAndTrackBall" _autoremap="true" />
                     <GoalieDecide decision_out="{decision}" decision_in="{decision}" chase_threshold="1.8" max_chase_x="-3.5"/>
                     <GoToGoalBlockingPosition _while="decision=='find'" theta_tolerance="0.6" />
                     <GoToGoalBlockingPosition _while="decision == 'retreat'" theta_tolerance="0.6" />
                     <Chase   _while="decision == 'chase'"  vx_limit="0.8"  vy_limit="0.3"  vtheta_limit="1.0"  dist="0.1" safe_dist="0.5" />
                     <Adjust _while="decision =='adjust'" turn_threshold="0.8" range="0.2" vx_limit="0.8" vy_limit="0.6" vtheta_limit="1.0" vtheta_factor="4.5" tangential_speed_far="0.9" tangential_speed_near="0.3" />
                     <Kick _while="decision == 'kick'" speed_limit="1.2" min_msec_kick="600"/>
                  </Sequence>
               </Sequence>
            </ReactiveSequence>
         </ReactiveSequence>
      </ReactiveSequence>
   </BehaviorTree>
</root>
