<?xml version="1.0" encoding="UTF-8" ?>

<profiles xmlns="http://www.eprosima.com/XMLSchemas/fastRTPS_Profiles" >
    <transport_descriptors>
        <transport_descriptor>
            <transport_id>UdpTransport</transport_id>
            <type>UDPv4</type>
            <interfaceWhiteList>
                <address>127.0.0.1</address>
                <address>192.168.10.101</address>

            </interfaceWhiteList>
        </transport_descriptor>
    </transport_descriptors>

    <participant profile_name="udp_transport_profile" is_default_profile="true">
        <rtps>
            <userTransports>
                <transport_id>UdpTransport</transport_id>
            </userTransports>
            <useBuiltinTransports>false</useBuiltinTransports>
        </rtps>
    </participant>
</profiles>
